fips,land_area
"01001",594.44
"01003",1589.78
"01005",884.88
"01007",622.58002
"01009",644.78003
"01011",622.79999
"01013",776.83002
"01015",605.87
"01017",596.53003
"01019",553.70001
"01021",692.84998
"01023",913.5
"01025",1238.46
"01027",603.96002
"01029",560.09998
"01031",678.96997
"01033",592.62
"01035",850.15997
"01037",650.92999
"01039",1030.46
"01041",608.84003
"01043",734.84003
"01045",561.15002
"01047",978.69
"01049",777.09003
"01051",618.47998
"01053",945.08002
"01055",534.98999
"01057",627.65997
"01059",633.82001
"01061",574.40997
"01063",647.10999
"01065",643.94
"01067",561.75
"01069",579.82001
"01071",1077.87
"01073",1111.28
"01075",604.84998
"01077",667.70001
"01079",690.67999
"01081",607.53998
"01083",559.94
"01085",715.90997
"01087",608.89001
"01089",801.59003
"01091",976.88
"01093",742.28998
"01095",565.84003
"01097",1229.4399
"01099",1025.67
"01101",784.25
"01103",579.34003
"01105",719.65997
"01107",881.40997
"01109",672.09003
"01111",580.54999
"01113",641.14001
"01115",631.90002
"01117",784.92999
"01119",903.89001
"01121",736.78003
"01123",716.52002
"01125",1321.75
"01127",791.19
"01129",1080.21
"01131",888.5
"01133",612.97998
"04001",11197.52
"04003",6165.6899
"04005",18618.891
"04007",4757.9302
"04009",4622.6001
"04011",1843.13
"04012",4499.6299
"04013",9200.1396
"04015",13311.08
"04017",9950.4199
"04019",9187.04
"04021",5365.6099
"04023",1236.92
"04025",8123.5
"04027",5513.9902
"05001",988.77002
"05003",925.34998
"05005",554.28003
"05007",847.35999
"05009",590.22998
"05011",649.22998
"05013",628.58002
"05015",630.09003
"05017",644.29999
"05019",866.07001
"05021",639.46002
"05023",553.69
"05025",597.78003
"05027",766.04999
"05029",552.25
"05031",707.21002
"05033",593.09003
"05035",609.76001
"05037",616.38
"05039",667.39001
"05041",768.15002
"05043",828.35999
"05045",647.88
"05047",608.85999
"05049",618.19
"05051",677.78003
"05053",631.81
"05055",577.70001
"05057",727.52002
"05059",615.20001
"05061",588.54999
"05063",763.95001
"05065",580.58002
"05067",633.94
"05069",870.75
"05071",659.79999
"05073",528.27002
"05075",587.60999
"05077",602.62
"05079",561.52002
"05081",532.25
"05083",708.12
"05085",770.72998
"05087",834.26001
"05089",597.01001
"05091",625.58002
"05093",900.57001
"05095",607.12
"05097",779.88
"05099",617.84003
"05101",820.90002
"05103",732.78003
"05105",551.40002
"05107",695.65997
"05109",600.62
"05111",758.39001
"05113",857.67999
"05115",812.54999
"05117",647.96002
"05119",759.76001
"05121",652.19
"05123",634.77002
"05125",723.59998
"05127",892.32001
"05129",666.09003
"05131",531.90997
"05133",565.13
"05135",604.44
"05137",606.40002
"05139",1039.21
"05141",708.14001
"05143",941.96997
"05145",1035.08
"05147",586.78998
"05149",929.97998
"06001",739.02002
"06003",738.33002
"06005",594.58002
"06007",1636.46
"06009",1020.01
"06011",1150.73
"06013",715.94
"06015",1006.37
"06017",1707.88
"06019",5957.9902
"06021",1313.95
"06023",3567.99
"06025",4176.6001
"06027",10180.88
"06029",8131.9199
"06031",1389.42
"06033",1256.46
"06035",4541.1802
"06037",4057.8799
"06039",2137.0701
"06041",520.31
"06043",1448.8199
"06045",3506.3401
"06047",1934.97
"06049",3917.77
"06051",3048.98
"06053",3280.6001
"06055",748.35999
"06057",957.77002
"06059",790.57001
"06061",1407.01
"06063",2553.04
"06065",7206.48
"06067",964.64001
"06069",1388.71
"06071",20056.939
"06073",4206.6299
"06075",46.869999
"06077",1391.3199
"06079",3298.5701
"06081",448.41
"06083",2735.0901
"06085",1290.1
"06087",445.17001
"06089",3775.3999
"06091",953.21002
"06093",6277.8901
"06095",821.76001
"06097",1575.85
"06099",1494.83
"06101",602.40997
"06103",2949.71
"06105",3179.25
"06107",4824.21
"06109",2220.8799
"06111",1843.13
"06113",1014.69
"06115",631.84003
"08001",1167.65
"08003",722.64001
"08005",798.09998
"08007",1350.1801
"08009",2554.97
"08011",1512.86
"08013",726.28998
"08014",33.029999
"08015",1013.4
"08017",1778.28
"08019",395.23001
"08021",1287.39
"08023",1226.95
"08025",787.41998
"08027",738.63
"08029",1142.05
"08031",153
"08033",1067.05
"08035",840.25
"08037",1684.53
"08039",1850.85
"08041",2126.8
"08043",1533.0699
"08045",2947.5601
"08047",149.89999
"08049",1846.33
"08051",3239.1001
"08053",1117.25
"08055",1591
"08057",1613.72
"08059",764.21002
"08061",1767.77
"08063",2160.8201
"08065",376.91
"08067",1692.08
"08069",2596
"08071",4772.6699
"08073",2577.6299
"08075",1838.55
"08077",3328.97
"08079",875.66998
"08081",4743.29
"08083",2029.53
"08085",2240.7
"08087",1280.4301
"08089",1261.96
"08091",541.59003
"08093",2193.8501
"08095",687.92999
"08097",970.70001
"08099",1638.39
"08101",2386.1001
"08103",3220.9299
"08105",911.96002
"08107",2362.03
"08109",3168.52
"08111",387.48999
"08113",1286.61
"08115",548.03998
"08117",608.35999
"08119",557.06
"08121",2518.03
"08123",3987.24
"08125",2364.3999
"09001",624.89001
"09003",735.09998
"09005",920.56
"09007",369.29999
"09009",604.51001
"09011",664.88
"09013",410.20999
"09015",512.90997
"10001",586.17999
"10003",426.29001
"10005",936.08002
"11001",61.049999
"12001",875.02002
"12003",585.22998
"12005",758.46002
"12007",293.95999
"12009",1015.66
"12011",1209.79
"12013",567.33002
"12015",680.28003
"12017",581.70001
"12019",604.35999
"12021",1998.3199
"12023",797.57001
"12027",637.06
"12029",705.04999
"12031",762.19
"12033",656.46002
"12035",485.45999
"12037",534.71997
"12039",516.33002
"12041",349.67999
"12043",806.01001
"12045",564.01001
"12047",513.78998
"12049",637.78003
"12051",1152.75
"12053",472.54001
"12055",1016.61
"12057",1020.21
"12059",478.78
"12061",502.87
"12063",917.76001
"12065",598.09998
"12067",543.40997
"12069",938.38
"12071",784.51001
"12073",666.84998
"12075",1118.21
"12077",835.56
"12079",695.95001
"12081",742.92999
"12083",1584.55
"12085",543.46002
"12086",1897.72
"12087",983.28003
"12089",648.64001
"12091",930.25
"12093",768.90997
"12095",903.42999
"12097",1327.45
"12099",1969.76
"12101",746.89001
"12103",273.79999
"12105",1797.84
"12107",727.62
"12109",600.65997
"12111",571.92999
"12113",1011.6
"12115",555.87
"12117",309.22
"12119",546.92999
"12121",688.54999
"12123",1043.3101
"12125",243.56
"12127",1101.03
"12129",606.41998
"12131",1037.62
"12133",582.79999
"13001",507.07999
"13003",339.38
"13005",258.57999
"13007",341.94
"13009",257.84
"13011",232.09
"13013",160.31
"13015",459.54001
"13017",250.12
"13019",451.89999
"13021",249.75999
"13023",215.87
"13025",442.35999
"13027",493.04999
"13029",435.97
"13031",672.81
"13033",826.96997
"13035",184.39
"13037",280.37
"13039",613.03003
"13043",243.03999
"13045",499.07999
"13047",162.16
"13049",773.58002
"13051",426.44
"13053",248.74001
"13055",313.34
"13057",421.67001
"13059",119.2
"13061",195.38
"13063",141.57001
"13065",800.21997
"13067",339.54999
"13069",575.09998
"13071",544.15002
"13073",290.09
"13075",227.16
"13077",440.89001
"13079",324.89001
"13081",272.57999
"13083",173.98
"13085",210.83
"13087",597.14001
"13089",267.57999
"13091",495.89001
"13093",391.94
"13095",328.69
"13097",200.07001
"13099",512.59003
"13101",414.89001
"13103",477.70001
"13105",351.06
"13107",680.59998
"13109",182.85001
"13111",386.72
"13113",194.34
"13115",509.91
"13117",224.02
"13119",261.5
"13121",526.63
"13123",426.54001
"13125",143.74001
"13127",419.75
"13129",355.81
"13131",454.53
"13133",387.44
"13135",430.38
"13137",276.73999
"13139",392.78
"13141",471.84
"13143",282.17001
"13145",463.87
"13147",232.39
"13149",296.03
"13151",322.13
"13153",375.54001
"13155",354.34
"13157",339.66
"13159",368.16
"13161",330.73999
"13163",526.47998
"13165",347.28
"13167",303.01001
"13169",393.92999
"13171",183.5
"13173",185.25999
"13175",807.29999
"13177",355.78
"13179",489.79999
"13181",210.38
"13183",400.29001
"13185",496.07001
"13187",282.92999
"13189",257.45999
"13191",424.29999
"13193",400.64001
"13195",282.31
"13197",366
"13199",501.22
"13201",282.42001
"13205",512.08002
"13207",395.66
"13209",239.52
"13211",347.35001
"13213",344.47
"13215",216.39
"13217",272.16
"13219",184.28999
"13221",439.01001
"13223",312.22
"13225",150.27
"13227",232.06
"13229",316.48999
"13231",216.09
"13233",310.32999
"13235",249.03
"13237",344.64001
"13239",151.24001
"13241",369.98999
"13243",428.23999
"13245",324.32999
"13247",129.78999
"13249",166.91
"13251",645.09998
"13253",235.23
"13255",196.47
"13257",179.13
"13259",458.73001
"13261",482.70001
"13263",391.39001
"13265",194.61
"13267",479.39999
"13269",376.69
"13271",437.29999
"13273",335.44
"13275",544.59998
"13277",258.91
"13279",364
"13281",166.56
"13283",199.44
"13285",413.98999
"13287",285.39001
"13289",358.39999
"13291",321.92999
"13293",323.44
"13295",446.38
"13297",325.67999
"13299",892.46002
"13301",284.29999
"13303",678.45001
"13305",641.78003
"13307",209.12
"13309",295.48001
"13311",240.69
"13313",290.45999
"13315",377.70001
"13317",469.48999
"13319",447.31
"13321",570.70001
"16001",1052.58
"16003",1363.0601
"16005",1111.99
"16007",974.78003
"16009",776.62
"16011",2093.98
"16013",2643.5901
"16015",1899.24
"16017",1734.5699
"16019",1866.08
"16021",1268.5601
"16023",2231.6699
"16025",1074.49
"16027",587.37
"16029",1764.15
"16031",2565.0801
"16033",1764.1899
"16035",2457.27
"16037",4920.9399
"16039",3074.74
"16041",663.64001
"16043",1863.53
"16045",560.90002
"16047",728.96997
"16049",8477.3496
"16051",1093.5
"16053",597.17999
"16055",1244.12
"16057",1076
"16059",4563.3901
"16061",478.79999
"16063",1201.41
"16065",469.20999
"16067",757.59003
"16069",848.09003
"16071",1200.0601
"16073",7665.5098
"16075",406.87
"16077",1404.24
"16079",2629.6599
"16081",449.45999
"16083",1921.21
"16085",3664.52
"16087",1452.98
"17001",855.20001
"17003",235.50999
"17005",380.28
"17007",280.72
"17009",305.60999
"17011",869.03003
"17013",253.82001
"17015",444.81
"17017",375.82001
"17019",996.27002
"17021",709.38
"17023",501.42001
"17025",468.32001
"17027",474.09
"17029",508.29001
"17031",945.33002
"17033",443.63
"17035",346.01999
"17037",631.31
"17039",397.51001
"17041",416.66
"17043",327.5
"17045",623.37
"17047",222.42
"17049",478.78
"17051",716.47998
"17053",485.62
"17055",408.89001
"17057",865.59003
"17059",323.07001
"17061",543.02002
"17063",418.04001
"17065",434.67001
"17067",793.72998
"17069",177.53
"17071",378.87
"17073",822.98999
"17075",1117.3199
"17077",584.08002
"17079",494.51001
"17081",571.16998
"17083",369.26999
"17085",601.09003
"17087",343.92001
"17089",520.06
"17091",676.56
"17093",320.34
"17095",716.39001
"17097",443.67001
"17099",1135.12
"17101",372.17999
"17103",724.90002
"17105",1044.29
"17107",618.06
"17109",589.40997
"17111",603.16998
"17113",1183.38
"17115",580.69
"17117",862.90997
"17119",715.58002
"17121",572.35999
"17123",386.79001
"17125",539.23999
"17127",237.22
"17129",314.44
"17131",561.20001
"17133",385.01001
"17135",703.69
"17137",568.78998
"17139",335.94
"17141",758.57001
"17143",619.21002
"17145",441.76001
"17147",439.20001
"17149",831.38
"17151",368.76999
"17153",199.17999
"17155",160.16
"17157",575.5
"17159",359.98999
"17161",427.64001
"17163",657.76001
"17165",379.82001
"17167",868.29999
"17169",437.26999
"17171",250.91
"17173",758.52002
"17175",288.07999
"17177",564.52002
"17179",648.96997
"17181",413.45999
"17183",898.37
"17185",223.25
"17187",542.40997
"17189",562.57001
"17191",713.81
"17193",494.76999
"17195",684.25
"17197",836.90997
"17199",420.14999
"17201",513.35999
"17203",527.79999
"18001",339.03
"18003",657.31
"18005",406.91
"18007",406.42001
"18009",165.08
"18011",422.91
"18013",311.98001
"18015",372.22
"18017",412.14999
"18019",372.85999
"18021",357.54001
"18023",405.07001
"18025",305.64001
"18027",429.48999
"18029",305.03
"18031",372.57001
"18033",362.82001
"18035",392.12
"18037",427.26999
"18039",463.17001
"18041",215.00999
"18043",147.92999
"18045",395.66
"18047",384.42999
"18049",368.39001
"18051",487.48999
"18053",414.07001
"18055",542.48999
"18057",394.26999
"18059",306.01999
"18061",484.51999
"18063",406.91
"18065",391.88
"18067",293.06
"18069",382.64999
"18071",509.31
"18073",559.62
"18075",383.91
"18077",360.63
"18079",376.57999
"18081",320.42999
"18083",516.03003
"18085",531.38
"18087",379.62
"18089",498.95999
"18091",598.29999
"18093",449.17001
"18095",451.92001
"18097",396.29999
"18099",443.63
"18101",335.73999
"18103",373.84
"18105",394.51001
"18107",504.60999
"18109",403.97
"18111",401.76001
"18113",410.84
"18115",86.139999
"18117",398.39001
"18119",385.29001
"18121",444.66
"18123",381.73001
"18125",334.23999
"18127",418.14999
"18129",409.57001
"18131",433.64999
"18133",480.53
"18135",452.38
"18137",446.42999
"18139",408.12
"18141",457.85001
"18143",190.39999
"18145",411.14999
"18147",396.73999
"18149",309.13
"18151",308.94
"18153",447.14001
"18155",220.63
"18157",499.81
"18159",260.54001
"18161",161.22
"18163",233.48
"18165",256.88
"18167",403.31
"18169",412.42999
"18171",364.67999
"18173",384.82001
"18175",513.72998
"18177",401.73999
"18179",368.09
"18181",505.12
"18183",335.57001
"19001",569.27002
"19003",423.44
"19005",639.08002
"19007",497.29001
"19009",442.95999
"19011",716.26001
"19013",565.77002
"19015",571.57001
"19017",435.48001
"19019",571.02002
"19021",574.90997
"19023",580.13
"19025",569.96997
"19027",569.44
"19029",564.27002
"19031",579.44
"19033",568.31
"19035",576.90997
"19037",504.38
"19039",431.17001
"19041",567.23999
"19043",778.53998
"19045",694.90997
"19047",714.19
"19049",588.45001
"19051",502.19
"19053",531.88
"19055",577.76001
"19057",416.12
"19059",380.60999
"19061",608.29999
"19063",395.88
"19065",730.81
"19067",500.63
"19069",581.96997
"19071",511.14999
"19073",569.57001
"19075",501.85999
"19077",590.62
"19079",576.75
"19081",571
"19083",569.31
"19085",696.84998
"19087",434.32999
"19089",473.25
"19091",434.35001
"19093",431.51001
"19095",586.46002
"19097",636.03998
"19099",730.41998
"19101",435.51001
"19103",614.03998
"19105",575.62
"19107",579.17999
"19109",972.71997
"19111",517.52002
"19113",716.88
"19115",401.76999
"19117",430.59
"19119",587.65002
"19121",561.01001
"19123",570.85999
"19125",554.53003
"19127",572.5
"19129",437.44
"19131",469.13
"19133",694.07001
"19135",433.72
"19137",424.10001
"19139",437.47
"19141",573.03998
"19143",398.67999
"19145",534.94
"19147",563.84003
"19149",862.89001
"19151",577.23999
"19153",573.78998
"19155",950.28003
"19157",584.92999
"19159",535.5
"19161",575.01001
"19163",458.09
"19165",590.78003
"19167",768.33002
"19169",572.82001
"19171",721.01001
"19173",531.90002
"19175",423.64999
"19177",484.79001
"19179",431.82999
"19181",569.83002
"19183",568.84003
"19185",525.44
"19187",715.62
"19189",400.48999
"19191",689.87
"19193",872.83002
"19195",400.12
"19197",580.41998
"20001",500.29999
"20003",579.65002
"20005",431.17001
"20007",1134.0699
"20009",895.40002
"20011",635.46997
"20013",570.87
"20015",1429.86
"20017",773.06
"20019",638.88
"20021",587.57001
"20023",1019.89
"20025",974.63
"20027",645.29999
"20029",715.34003
"20031",626.95001
"20033",788.29999
"20035",1125.75
"20037",589.76001
"20039",893.52002
"20041",847.07001
"20043",393.41
"20045",455.87
"20047",621.89001
"20049",644.26001
"20051",899.90997
"20053",715.84998
"20055",1301.97
"20057",1098.27
"20059",571.76001
"20061",384.62
"20063",1071.66
"20065",898.52002
"20067",574.79999
"20069",868.87
"20071",778.45001
"20073",1143.3
"20075",996.51001
"20077",801.27002
"20079",539.75
"20081",577.52002
"20083",859.98999
"20085",656.21997
"20087",532.57001
"20089",909.78003
"20091",473.37
"20093",870.53998
"20095",863.35999
"20097",722.64001
"20099",645.28998
"20101",717.46002
"20103",462.82999
"20105",719.40002
"20107",594.06
"20109",1072.99
"20111",847.46997
"20113",898.27002
"20115",944.28998
"20117",900.17999
"20119",978.09003
"20121",575.65997
"20123",701.78998
"20125",643.53003
"20127",695.28003
"20129",729.72998
"20131",717.42999
"20133",571.46997
"20135",1074.75
"20137",878.13
"20139",705.52002
"20141",892.5
"20143",720.72998
"20145",754.26001
"20147",885.88
"20149",841.02002
"20151",735.03998
"20153",1069.42
"20155",1255.35
"20157",717.37
"20159",726.23999
"20161",609.77002
"20163",890.53003
"20165",717.76001
"20167",886.26001
"20169",720.21997
"20171",717.53998
"20173",997.51001
"20175",639.5
"20177",544.02002
"20179",895.96002
"20181",1056.0699
"20183",895.46002
"20185",792.04999
"20187",680.34998
"20189",727.28998
"20191",1181.9399
"20193",1074.6899
"20195",889.47998
"20197",794.29999
"20199",913.65002
"20201",894.76001
"20203",718.57001
"20205",570.41998
"20207",497.82001
"20209",151.60001
"21001",405.28
"21003",344.34
"21005",201.83
"21007",246.66
"21009",487.54001
"21011",278.79001
"21013",359
"21015",246.36
"21017",289.72
"21019",159.86
"21021",180.17
"21023",205.61
"21025",492.41
"21027",567.16998
"21029",297.01999
"21031",426.09
"21033",344.79001
"21035",385.01999
"21037",151.31
"21039",189.42999
"21041",128.57001
"21043",409.5
"21045",444.23001
"21047",717.5
"21049",252.46001
"21051",469.25
"21053",197.25
"21055",359.95001
"21057",305.17999
"21059",458.35001
"21061",302.88
"21063",234.32001
"21065",253.08
"21067",283.64999
"21069",348.54001
"21071",393.34
"21073",207.75
"21075",205.5
"21077",101.23
"21079",230.08
"21081",257.95999
"21083",551.73999
"21085",496.70001
"21087",286.03
"21089",344.39999
"21091",187.64999
"21093",623.28003
"21095",465.82999
"21097",306.35999
"21099",412.09
"21101",436.67001
"21103",286.28
"21105",242.27
"21107",542
"21109",345.20001
"21111",380.42001
"21113",172.12
"21115",261.95001
"21117",160.25
"21119",351.51999
"21121",386.29999
"21123",261.51999
"21125",433.95001
"21127",415.60001
"21129",208.86
"21131",400.84
"21133",337.91
"21135",482.84
"21137",334.09
"21139",313.13
"21141",552.13
"21143",213.84
"21145",248.74001
"21147",426.79999
"21149",252.47
"21151",437.29001
"21153",308.44
"21155",343.01001
"21157",301.25
"21159",229.60001
"21161",240.13
"21163",305.42001
"21165",203.58
"21167",248.8
"21169",289.64999
"21171",329.37
"21173",197.37
"21175",381.13
"21177",467.07999
"21179",417.51001
"21181",195.17
"21183",587.27002
"21185",187.22
"21187",351.10001
"21189",197.41
"21191",277.16
"21193",339.67001
"21195",786.83002
"21197",178.98
"21199",658.40997
"21201",99.910004
"21203",316.54001
"21205",279.79999
"21207",253.66
"21209",281.76999
"21211",379.64001
"21213",234.2
"21215",186.67999
"21217",266.32999
"21219",374.5
"21221",441.42999
"21223",151.64999
"21225",342.85001
"21227",541.59998
"21229",297.26999
"21231",458.17001
"21233",331.94
"21235",437.82999
"21237",222.17
"21239",188.78
"22001",655.12
"22003",761.84998
"22005",289.98001
"22007",338.66
"22009",832.42999
"22011",1157.34
"22013",811.27002
"22015",840.06
"22017",878.53998
"22019",1063.66
"22021",529.41998
"22023",1284.89
"22025",708.03003
"22027",754.88
"22029",696.91998
"22031",875.58002
"22033",455.37
"22035",420.70001
"22037",453.41
"22039",662.38
"22041",624.59003
"22043",643.03003
"22045",574.10999
"22047",618.63
"22049",569.17999
"22051",295.63
"22053",651.33002
"22055",268.72
"22057",1068.21
"22059",624.67999
"22061",471.73999
"22063",648.16998
"22065",624.44
"22067",794.92999
"22069",1252.25
"22071",169.42
"22073",610.40997
"22075",779.90997
"22077",557.34998
"22079",1317.96
"22081",389.09
"22083",559.03998
"22085",866.65997
"22087",377.51999
"22089",279.07999
"22091",408.39999
"22093",241.53999
"22095",213.07001
"22097",923.88
"22099",737.65002
"22101",555.38
"22103",845.54999
"22105",791.27002
"22107",602.78003
"22109",1231.8101
"22111",876.98999
"22113",1173.2
"22115",1327.91
"22117",669.52002
"22119",593.03003
"22121",192.39
"22123",359.64999
"22125",403.20999
"22127",950.09003
"23001",467.92999
"23003",6671.3301
"23005",835.23999
"23007",1696.61
"23009",1586.89
"23011",867.52002
"23013",365.13
"23015",455.82001
"23017",2076.8401
"23019",3397.3601
"23021",3960.8601
"23023",253.69
"23025",3924.3999
"23027",729.91998
"23029",2562.6599
"23031",990.71002
"24001",424.16
"24003",414.89999
"24005",598.29999
"24009",213.14999
"24011",319.42001
"24013",447.59
"24015",346.26999
"24017",457.75
"24019",540.77002
"24021",660.21997
"24023",647.09998
"24025",437.09
"24027",250.74001
"24029",277.03
"24031",491.25
"24033",482.69
"24035",371.91
"24037",357.17999
"24039",319.72
"24041",268.54001
"24043",457.78
"24045",374.44
"24047",468.28
"24510",80.940002
"25001",393.72
"25003",926.82001
"25005",553.09998
"25007",103.25
"25009",492.56
"25011",699.32001
"25013",617.14001
"25015",527.26001
"25017",817.82001
"25019",44.970001
"25021",396.10999
"25023",659.08002
"25025",58.150002
"25027",1510.77
"26001",674.59003
"26003",915.07001
"26005",825.22998
"26007",571.85999
"26009",475.70001
"26011",363.19
"26013",898.26001
"26015",553.09003
"26017",442.29999
"26019",319.70001
"26021",567.75
"26023",506.37
"26025",706.22998
"26027",490.06
"26029",416.34
"26031",715.26001
"26033",1558.42
"26035",564.32001
"26037",566.40997
"26039",556.28003
"26041",1171.1
"26043",761.40002
"26045",575.16998
"26047",467.48999
"26049",636.97998
"26051",501.78
"26053",1101.85
"26055",464.32999
"26057",568.46002
"26059",598.13
"26061",1009.1
"26063",835.71002
"26065",556.12
"26067",571.29999
"26069",549.09998
"26071",1166.15
"26073",572.67999
"26075",701.66998
"26077",561.65997
"26079",559.85999
"26081",846.95001
"26083",540.10999
"26085",567.37
"26087",643.01001
"26089",347.17001
"26091",749.54999
"26093",565.25
"26095",899.08002
"26097",1021.57
"26099",479.22
"26101",542.15002
"26103",1808.4
"26105",495.07001
"26107",555.07001
"26109",1044.08
"26111",516.25
"26113",564.72998
"26115",549.39001
"26117",705.40002
"26119",546.65997
"26121",499.25
"26123",813.20001
"26125",867.65997
"26127",512.07001
"26129",563.48999
"26131",1311.22
"26133",566.39001
"26135",565.72998
"26137",514.96997
"26139",563.46997
"26141",658.71997
"26143",519.64001
"26145",800.10999
"26147",721.16998
"26149",500.59
"26151",962.57001
"26153",1171.36
"26155",530.66998
"26157",803.13
"26159",607.46997
"26161",705.96997
"26163",612.08002
"26165",565
"27001",1821.66
"27003",423.01001
"27005",1315.2
"27007",2504.9399
"27009",408.29999
"27011",499.01999
"27013",747.84003
"27015",611.09003
"27017",861.38
"27019",354.32999
"27021",2021.54
"27023",581.12
"27025",414.85999
"27027",1045.37
"27029",998.94
"27031",1452.28
"27033",638.60999
"27035",999.09003
"27037",562.16998
"27039",439.28
"27041",637.29999
"27043",712.47998
"27045",861.29999
"27047",707.09003
"27049",756.84003
"27051",548.15997
"27053",553.59003
"27055",552.06
"27057",925.66998
"27059",435.79001
"27061",2667.72
"27063",702.97998
"27065",521.59003
"27067",796.78003
"27069",1098.8
"27071",3104.0701
"27073",765.02002
"27075",2109.29
"27077",1297.87
"27079",448.76001
"27081",536.76001
"27083",714.56
"27085",491.47
"27087",557.88
"27089",1775.0699
"27091",712.34998
"27093",608.17999
"27095",572.31
"27097",1125.0601
"27099",711.33002
"27101",704.70001
"27103",448.48999
"27105",715.10999
"27107",872.78998
"27109",653.34998
"27111",1972.0699
"27113",616.57001
"27115",1411.29
"27117",465.04999
"27119",1971.13
"27121",669.71002
"27123",152.21001
"27125",432.41
"27127",878.57001
"27129",982.90997
"27131",495.67999
"27133",482.45001
"27135",1671.6
"27137",6247.3999
"27139",356.48001
"27141",432.92001
"27143",588.78003
"27145",1343.13
"27147",429.64999
"27149",563.59998
"27151",742.08002
"27153",944.97998
"27155",573.90002
"27157",522.97998
"27159",536.27002
"27161",423.35999
"27163",384.28
"27165",434.95001
"27167",750.96002
"27169",626.21002
"27171",661.46002
"27173",759.09998
"28001",462.41
"28003",400.04001
"28005",730.09998
"28007",734.97998
"28009",406.62
"28011",876.57001
"28013",586.57001
"28015",628.23999
"28017",501.78
"28019",418.17999
"28021",487.41
"28023",691.54999
"28025",410.07999
"28027",552.44
"28029",777.23999
"28031",413.79001
"28033",476.14999
"28035",466.31
"28037",563.78003
"28039",478.70999
"28041",712.76001
"28043",422.10999
"28045",473.75
"28047",573.98999
"28049",869.73999
"28051",756.70001
"28053",418.48999
"28055",413.04999
"28057",532.78998
"28059",722.75
"28061",676.23999
"28063",519.92999
"28065",408.44
"28067",694.79999
"28069",766.17999
"28071",631.71002
"28073",497.06
"28075",703.63
"28077",430.67001
"28079",583
"28081",449.95001
"28083",592.53998
"28085",586.10999
"28087",505.51001
"28089",714.51001
"28091",542.38
"28093",706.19
"28095",765.09003
"28097",406.98001
"28099",570.14001
"28101",578.09998
"28103",695.14001
"28105",458.20001
"28107",685.14001
"28109",810.85999
"28111",647.25
"28113",409.01001
"28115",497.69
"28117",414.98001
"28119",405.01001
"28121",775.47998
"28123",609.17999
"28125",431.72
"28127",589.15997
"28129",636.25
"28131",445.48001
"28133",697.75
"28135",645.28998
"28137",404.76001
"28139",457.81
"28141",424.25
"28143",454.67001
"28145",415.60001
"28147",403.94
"28149",588.5
"28151",724.73999
"28153",810.75
"28155",420.94
"28157",678.10999
"28159",607.23999
"28161",467.13
"28163",922.95001
"29001",567.32001
"29003",432.70001
"29005",547.29999
"29007",692.22998
"29009",778.25
"29011",591.91998
"29013",836.69
"29015",704.06
"29017",617.90997
"29019",685.40997
"29021",408.03
"29023",694.66998
"29025",426.39001
"29027",834.57001
"29029",655.91998
"29031",578.53003
"29033",694.62
"29035",507.35999
"29037",696.84003
"29039",474.48001
"29041",751.17999
"29043",562.65002
"29045",504.69
"29047",397.29999
"29049",418.95999
"29051",393.75
"29053",564.77002
"29055",742.52002
"29057",490.01001
"29059",540.77002
"29061",563.23999
"29063",421.35999
"29065",752.78998
"29067",813.63
"29069",541.07001
"29071",922.67999
"29073",517.79999
"29075",491.42001
"29077",675.29999
"29079",435.28
"29081",722.5
"29083",696.95001
"29085",399.09
"29087",462.69
"29089",463.85001
"29091",927.25
"29093",550.26001
"29095",604.46002
"29097",638.48999
"29099",656.63
"29101",829.28003
"29103",504.01001
"29105",764.71997
"29107",628.42999
"29109",611.73999
"29111",505.04001
"29113",626.56
"29115",615.56
"29117",532.33002
"29119",539.47998
"29121",801.22998
"29123",494.39001
"29125",526.97998
"29127",436.92001
"29129",453.84
"29131",592.59003
"29133",411.57999
"29135",415.03
"29137",647.65002
"29139",536.25
"29141",597.63
"29143",674.84003
"29145",624.76001
"29147",876.96002
"29149",789.79999
"29151",604.34998
"29153",744.96997
"29155",492.54001
"29157",474.35001
"29159",682.21997
"29161",671.78003
"29163",670.44
"29165",420.19
"29167",635.52002
"29169",547.09998
"29171",517.32001
"29173",469.78
"29175",482.67999
"29177",568.81
"29179",808.47998
"29181",629.53998
"29183",560.44
"29185",669.97998
"29186",499.14999
"29187",451.89001
"29189",507.79999
"29195",755.5
"29197",307.29999
"29199",436.67001
"29201",419.98999
"29203",1003.82
"29205",500.85999
"29207",823.21997
"29209",464.03
"29211",647.97998
"29213",632.44
"29215",1177.27
"29217",826.40002
"29219",428.60001
"29221",759.90997
"29223",759.17999
"29225",592.56
"29227",266.60999
"29229",681.77002
"29510",61.91
"30001",5541.6201
"30003",4995.46
"30005",4227.5498
"30007",1192.54
"30009",2048.79
"30011",3340.75
"30013",2698.1599
"30015",3972.49
"30017",3783.3601
"30019",1426.1
"30021",2371.8601
"30023",736.53003
"30025",1620.77
"30027",4339.7998
"30029",5087.6602
"30031",2602.6899
"30033",4675.3599
"30035",2995.9399
"30037",1175.34
"30039",1727.41
"30041",2898.95
"30043",1656.26
"30045",1869.8199
"30047",1490.15
"30049",3458.8301
"30051",1430.05
"30053",3612.9199
"30055",2643.1699
"30057",3587.48
"30059",2391.9099
"30061",1219.4399
"30063",2593.4199
"30065",1868.16
"30067",2803.0601
"30069",1654.87
"30071",5140.04
"30073",1622.86
"30075",3297.3
"30077",2326.3899
"30079",1736.74
"30081",2390.8201
"30083",2084.1399
"30085",2354.79
"30087",5010.3999
"30089",2760.52
"30091",1677.08
"30093",718.47998
"30095",1795.35
"30097",1855.2
"30099",2272.3701
"30101",1915.65
"30103",977.40002
"30105",4925.8198
"30107",1423.1899
"30109",889.26001
"30111",2633.29
"31001",563.27002
"31003",857.21997
"31005",715.34998
"31007",746.10999
"31009",710.87
"31011",686.54999
"31013",1075.29
"31015",539.94
"31017",1221.33
"31019",968.10999
"31021",491.57999
"31023",584.90997
"31025",557.45001
"31027",740.31
"31029",894.41998
"31031",5960.4199
"31033",1196.29
"31035",572.28998
"31037",411.66
"31039",570.62
"31041",2575.52
"31043",264.25
"31045",1396.46
"31047",1013.1
"31049",439.85001
"31051",476.23001
"31053",528.71002
"31055",328.45001
"31057",919.67999
"31059",575.37
"31061",575.82001
"31063",974.59003
"31065",719.13
"31067",851.48999
"31069",1704.28
"31071",569.78998
"31073",458.16
"31075",776.21997
"31077",569.81
"31079",546.28998
"31081",542.88
"31083",553.46997
"31085",713.06
"31087",709.94
"31089",2412.3999
"31091",721.12
"31093",569.34003
"31095",570.17999
"31097",376.04999
"31099",516.23999
"31101",1061.6
"31103",773.07001
"31105",951.84998
"31107",1108.35
"31109",837.54999
"31111",2564.0701
"31113",570.65997
"31115",568.28998
"31117",858.97998
"31119",572.73999
"31121",484.88
"31123",1423.84
"31125",441.63
"31127",407.38
"31129",575.15997
"31131",615.63
"31133",431.07001
"31135",883.34003
"31137",539.78998
"31139",573.25
"31141",674.06
"31143",438.34
"31145",716.98999
"31147",551.84003
"31149",1008.32
"31151",574.02002
"31153",238.99001
"31155",750.22998
"31157",739.40002
"31159",571.42999
"31161",2440.8601
"31163",565.83002
"31165",2066.74
"31167",427.95001
"31169",573.81
"31171",713.23999
"31173",393.57999
"31175",568.04999
"31177",389.95999
"31179",442.91
"31181",574.90997
"31183",575.17999
"31185",572.51001
"32001",4930.46
"32003",7891.4302
"32005",709.71997
"32007",17169.83
"32009",3581.8799
"32011",4175.6802
"32013",9640.7598
"32015",5490.1001
"32017",10633.2
"32019",2001.1899
"32021",3752.8401
"32023",18181.92
"32027",6036.5601
"32029",262.92001
"32031",6302.3701
"32033",8875.6504
"32510",144.66
"33001",400.23001
"33003",931.06
"33005",706.65997
"33007",1794.6899
"33009",1708.75
"33011",876.14001
"33013",934.12
"33015",694.71997
"33017",368.97
"33019",537.31
"34001",555.70001
"34003",233.00999
"34005",798.58002
"34007",221.25999
"34009",251.42
"34011",483.70001
"34013",126.21
"34015",322.01001
"34017",46.189999
"34019",427.82001
"34021",224.56
"34023",308.91
"34025",468.79001
"34027",460.17999
"34029",628.78003
"34031",184.59
"34033",331.89999
"34035",301.81
"34037",519.01001
"34039",102.85
"34041",356.92001
"35001",1160.83
"35003",6923.6899
"35005",6065.27
"35006",4539.48
"35007",3758.0601
"35009",1404.8
"35011",2322.6201
"35013",3807.51
"35015",4175.73
"35017",3961.6299
"35019",3030.48
"35021",2125.4399
"35023",3436.8601
"35025",4390.9302
"35027",4831.0898
"35028",109.17
"35029",2965.1899
"35031",5449.8101
"35033",1931.27
"35035",6613.21
"35037",2874.3501
"35039",5860.8398
"35041",2447.4299
"35043",3710.6499
"35045",5513.0698
"35047",4715.8198
"35049",1909.41
"35051",4178.96
"35053",6646.6802
"35055",2203.1101
"35057",3344.8501
"35059",3823.74
"35061",1066.17
"36001",522.79999
"36003",1029.3101
"36005",42.099998
"36007",705.77002
"36009",1308.35
"36011",691.58002
"36013",1060.23
"36015",407.35001
"36017",893.54999
"36019",1037.85
"36021",634.71002
"36023",498.76001
"36025",1442.4399
"36027",795.63
"36029",1042.6899
"36031",1794.23
"36033",1629.12
"36035",495.47
"36037",492.94
"36039",647.15997
"36041",1717.37
"36043",1411.47
"36045",1268.59
"36047",70.82
"36049",1274.6801
"36051",631.76001
"36053",654.84003
"36055",657.21002
"36057",403.04001
"36059",284.72
"36061",22.83
"36063",522.35999
"36065",1212.4301
"36067",778.39001
"36069",644.07001
"36071",811.69
"36073",391.26001
"36075",951.65002
"36077",1001.7
"36079",230.31
"36081",108.53
"36083",652.42999
"36085",58.369999
"36087",173.55
"36089",2680.3799
"36091",809.97998
"36093",204.52
"36095",621.82001
"36097",328.32999
"36099",323.70999
"36101",1390.5601
"36103",912.04999
"36105",968.13
"36107",518.59998
"36109",474.64999
"36111",1124.24
"36113",866.95001
"36115",831.17999
"36117",603.83002
"36119",430.5
"36121",592.75
"36123",338.14001
"37001",423.94
"37003",259.98999
"37005",235.06
"37007",531.45001
"37009",426.13
"37011",247.09
"37013",827.19
"37015",699.27002
"37017",874.33002
"37019",846.96997
"37021",656.66998
"37023",507.10001
"37025",361.75
"37027",471.57001
"37029",240.56
"37031",506.25
"37033",424.92001
"37035",398.72
"37037",682.19
"37039",455.42999
"37041",172.47
"37043",214.75
"37045",464.25
"37047",937.28998
"37049",708.96002
"37051",652.31
"37053",261.85001
"37055",383.42001
"37057",552.66998
"37059",264.10999
"37061",816.21997
"37063",285.98001
"37065",505.34
"37067",408.14999
"37069",491.67999
"37071",356.03
"37073",340.44
"37075",292.07999
"37077",531.57001
"37079",265.92999
"37081",645.70001
"37083",724.09003
"37085",594.98999
"37087",553.69
"37089",373.07001
"37091",353.06
"37093",390.73999
"37095",612.70001
"37097",573.83002
"37099",490.75
"37101",791.29999
"37103",470.70999
"37105",254.96001
"37107",400.59
"37109",297.94
"37111",440.60999
"37113",515.56
"37115",449.57001
"37117",461.22
"37119",523.84003
"37121",221.42
"37123",491.76001
"37125",697.84003
"37127",540.40997
"37129",191.53
"37131",536.59003
"37133",762.73999
"37135",397.95999
"37137",336.54001
"37139",226.88
"37141",869.78998
"37143",247.09
"37145",392.32001
"37147",651.96997
"37149",237.78999
"37151",782.52002
"37153",473.82001
"37155",949.21997
"37157",565.54999
"37159",511.37
"37161",564.15002
"37163",944.73999
"37165",318.84
"37167",395.09
"37169",448.85999
"37171",532.16998
"37173",528
"37175",378.53
"37177",389.03
"37179",631.52002
"37181",253.52
"37183",835.21997
"37185",428.45999
"37187",348.13
"37189",312.56
"37191",553.09003
"37193",754.28003
"37195",368.17001
"37197",334.82999
"37199",312.60001
"38001",987.62
"38003",1491.55
"38005",1388.71
"38007",1148.85
"38009",1668.42
"38011",1161.8101
"38013",1103.5699
"38015",1632.65
"38017",1764.9399
"38019",1488.75
"38021",1131.47
"38023",1260.79
"38025",2008.46
"38027",630.16998
"38029",1510.4301
"38031",635.45001
"38033",1000.79
"38035",1436.38
"38037",1659.14
"38039",708.81
"38041",1132.22
"38043",1351.1899
"38045",1145.9399
"38047",992.82001
"38049",1873.95
"38051",974.72998
"38053",2760.3201
"38055",2110.8799
"38057",1042.96
"38059",1926.27
"38061",1825.3
"38063",981.77002
"38065",722.51001
"38067",1118.6899
"38069",1018.6
"38071",1186.85
"38073",862.35999
"38075",877.04999
"38077",1435.78
"38079",903.08002
"38081",858.51001
"38083",972.38
"38085",1094.09
"38087",1214.92
"38089",1334.74
"38091",712.21997
"38093",2221.72
"38095",1024.5601
"38097",861.95001
"38099",1281.9301
"38101",2013.28
"38103",1271.05
"38105",2077.3999
"39001",583.87
"39003",402.5
"39005",422.95001
"39007",701.92999
"39009",503.60001
"39011",401.39001
"39013",532.13
"39015",490.01999
"39017",467.06
"39019",394.60999
"39021",428.67001
"39023",397.47
"39025",452.10001
"39027",408.67999
"39029",531.89001
"39031",563.90997
"39033",401.79001
"39035",457.19
"39037",598.09998
"39039",411.45999
"39041",443.10001
"39043",251.56
"39045",504.41
"39047",406.35999
"39049",532.19
"39051",405.44
"39053",466.53
"39055",400.16
"39057",413.73001
"39059",522.25
"39061",405.91
"39063",531.35999
"39065",470.39999
"39067",402.34
"39069",416.01001
"39071",553.08002
"39073",421.32001
"39075",422.53
"39077",491.48999
"39079",420.29999
"39081",408.32999
"39083",525.48999
"39085",227.49001
"39087",453.37
"39089",682.5
"39091",458.42999
"39093",491.10001
"39095",340.85999
"39097",465.88
"39099",411.62
"39101",403.76001
"39103",421.35999
"39105",430.10001
"39107",462.45001
"39109",406.57999
"39111",455.72
"39113",461.54999
"39115",416.42001
"39117",406.07999
"39119",664.58002
"39121",398.01001
"39123",254.92
"39125",416.44
"39127",407.97
"39129",501.32001
"39131",440.28
"39133",487.38
"39135",424.12
"39137",482.51999
"39139",495.26999
"39141",689.19
"39143",408.45001
"39145",610.21002
"39147",551.02002
"39149",407.67999
"39151",575.27002
"39153",412.75
"39155",618.29999
"39157",567.64001
"39159",431.73001
"39161",409.16
"39163",412.35999
"39165",401.31
"39167",631.96997
"39169",554.92999
"39171",420.97
"39173",617.20001
"39175",406.85999
"40001",573.47998
"40003",866.45001
"40005",975.52002
"40007",1814.67
"40009",901.81
"40011",928.41998
"40013",904.46997
"40015",1278.29
"40017",896.63
"40019",822.17999
"40021",749.40997
"40023",770.35999
"40025",1834.74
"40027",538.77002
"40029",516.67999
"40031",1069.29
"40033",632.65002
"40035",761.34998
"40037",950.14001
"40039",988.82001
"40041",738.17999
"40043",999.47998
"40045",1231.52
"40047",1058.47
"40049",802.12
"40051",1100.5
"40053",1000.87
"40055",639.32001
"40057",537.19
"40059",1039.02
"40061",576.52002
"40063",804.65002
"40065",802.65002
"40067",758.83002
"40069",642.94
"40071",919.72998
"40073",898.15997
"40075",1015.23
"40077",722.08002
"40079",1589.21
"40081",952.31
"40083",743.83002
"40085",514
"40087",570.70001
"40089",1850.01
"40091",618.5
"40093",954.98999
"40095",371.07999
"40097",655.39001
"40099",416.45999
"40101",810.45001
"40103",731.90002
"40105",565.78003
"40107",618.57001
"40109",708.82001
"40111",697.34998
"40113",2246.3601
"40115",470.82001
"40117",567.95001
"40119",684.70001
"40121",1305.46
"40123",720.44
"40125",787.66998
"40127",1395.84
"40129",1141.14
"40131",675.63
"40133",632.84003
"40135",673.27002
"40137",870.23999
"40139",2041.26
"40141",871.13
"40143",570.25
"40145",561.56
"40147",415.45001
"40149",1003.17
"40151",1286.45
"40153",1242.4
"41001",3068.3601
"41003",675.94
"41005",1870.3199
"41007",829.04999
"41009",657.35999
"41011",1596.17
"41013",2979.0901
"41015",1627.46
"41017",3018.1899
"41019",5036.0698
"41021",1204.8101
"41023",4528.54
"41025",10133.17
"41027",521.95001
"41029",2783.55
"41031",1780.78
"41033",1639.67
"41035",5941.0498
"41037",8138.98
"41039",4553.1201
"41041",979.77002
"41043",2290.1299
"41045",9887.5303
"41047",1182.33
"41049",2031.61
"41051",431.29999
"41053",740.78998
"41055",823.69
"41057",1102.58
"41059",3215.51
"41061",2036.61
"41063",3146.1899
"41065",2381.52
"41067",724.22998
"41069",1714.75
"41071",715.85999
"42001",518.66998
"42003",730.07001
"42005",653.20001
"42007",434.70999
"42009",1012.3
"42011",856.51001
"42013",525.79999
"42015",1147.4
"42017",604.31
"42019",788.59998
"42021",688.34998
"42023",396.23001
"42025",381.45999
"42027",1109.92
"42029",750.51001
"42031",600.83002
"42033",1144.72
"42035",887.97998
"42037",483.10999
"42039",1012.3
"42041",545.46002
"42043",525.04999
"42045",183.84
"42047",827.35999
"42049",799.15002
"42051",790.34003
"42053",427.19
"42055",772.21997
"42057",437.54999
"42059",575.95001
"42061",874.64001
"42063",827.03003
"42065",652.42999
"42067",391.35001
"42069",459.07999
"42071",943.81
"42073",358.17999
"42075",361.82999
"42077",345.17001
"42079",890.33002
"42081",1228.59
"42083",979.20001
"42085",672.57001
"42087",411.03
"42089",608.28998
"42091",483.04001
"42093",130.24001
"42095",369.67001
"42097",458.37
"42099",551.45001
"42101",134.10001
"42103",544.96002
"42105",1081.3199
"42107",778.63
"42109",328.70999
"42111",1074.37
"42113",449.94
"42115",823.42999
"42117",1133.79
"42119",315.98001
"42121",674.28003
"42123",884.13
"42125",856.98999
"42127",725.59998
"42129",1027.55
"42131",397.32001
"42133",904.17999
"44001",24.16
"44003",168.53
"44005",102.39
"44007",409.5
"44009",329.23001
"45001",490.48001
"45003",1071.03
"45005",408.09
"45007",715.42999
"45009",393.37
"45011",548.39001
"45013",576.28003
"45015",1098.86
"45017",381.14999
"45019",916.09003
"45021",392.66
"45023",580.65997
"45025",799.08002
"45027",606.94
"45029",1056.49
"45031",561.15002
"45033",404.87
"45035",573.22998
"45037",500.41
"45039",686.28003
"45041",799.96002
"45043",813.54999
"45045",785.12
"45047",454.73001
"45049",559.90002
"45051",1133.9
"45053",655.32001
"45055",726.56
"45057",549.15997
"45059",713.79999
"45061",410.17999
"45063",698.90997
"45065",359.13
"45067",489.23001
"45069",479.67001
"45071",630.03998
"45073",626.33002
"45075",1106.1
"45077",496.41
"45079",757.07001
"45081",452.78
"45083",807.92999
"45085",665.07001
"45087",514.16998
"45089",934.15997
"45091",680.59003
"46003",708.41998
"46005",1258.71
"46007",1184.71
"46009",563.70001
"46011",792.21002
"46013",1712.98
"46015",817.23999
"46017",471.38
"46019",2249.8999
"46021",733.67999
"46023",1097.49
"46025",957.59998
"46027",412.19
"46029",688.5
"46031",2469.6899
"46033",1557
"46035",435.56
"46037",1027.87
"46039",622.69
"46041",2302.49
"46043",431.79999
"46045",1125.96
"46047",1739.92
"46049",981.75
"46051",681.46002
"46053",1014.96
"46055",1810.53
"46057",507.23001
"46059",1436.61
"46061",434.51001
"46063",2671.3701
"46065",741.56
"46067",812.90002
"46069",860.52002
"46071",1863.91
"46073",526.22998
"46075",969.67999
"46077",832.23999
"46079",563.28003
"46081",800.03998
"46083",577.28003
"46085",1641.9399
"46087",574.20001
"46089",1136.64
"46091",838.07001
"46093",3470.98
"46095",1307.3101
"46097",570.31
"46099",807.15002
"46101",519.39001
"46103",2776.55
"46105",2870.48
"46107",861.14001
"46109",1101.04
"46111",569.32001
"46113",2093.8999
"46115",1503.9301
"46117",1444.4301
"46119",1006.82
"46121",1388.5601
"46123",1612.45
"46125",617.06
"46127",460.54001
"46129",708.63
"46135",521.15997
"46137",1961.27
"47001",337.16
"47003",473.64001
"47005",394.14001
"47007",406.42001
"47009",558.71002
"47011",328.76001
"47013",480.19
"47015",265.64001
"47017",599.25
"47019",341.20001
"47021",302.44
"47023",285.73999
"47025",434.57999
"47027",236.53999
"47029",434.57001
"47031",428.95999
"47033",265.53
"47035",681.03003
"47037",504.03
"47039",333.84
"47041",304.35001
"47043",489.89999
"47045",512.33002
"47047",704.78998
"47049",498.60999
"47051",554.53998
"47053",602.73999
"47055",610.92999
"47057",280.60001
"47059",622.15997
"47061",360.53
"47063",161.17999
"47065",542.42999
"47067",222.34
"47069",667.77002
"47071",577.32001
"47073",486.98001
"47075",533.10999
"47077",520.07001
"47079",562.09998
"47081",612.5
"47083",200.28999
"47085",530.97998
"47087",308.32001
"47089",274.07999
"47091",298.47
"47093",508.22
"47095",165.78
"47097",471.98999
"47099",617.13
"47101",282.09
"47103",570.34003
"47105",229.22
"47107",430.12
"47109",562.85999
"47111",307.14001
"47113",557.12
"47115",498.16
"47117",375.45999
"47119",613.14001
"47121",195.12
"47123",635.56
"47125",539.17999
"47127",129.22
"47129",522.17999
"47131",544.72998
"47133",433.48001
"47135",414.73001
"47137",162.98
"47139",434.67999
"47141",401.10001
"47143",315.38
"47145",360.70999
"47147",476.29001
"47149",619.35999
"47151",532.29999
"47153",265.85999
"47155",592.5
"47157",763.16998
"47159",314.29001
"47161",459.32999
"47163",413.35999
"47165",529.45001
"47167",458.37
"47169",114.19
"47171",186.17
"47173",223.55
"47175",273.42001
"47177",432.67999
"47179",326.45999
"47181",734.09998
"47183",580.35999
"47185",376.67001
"47187",582.59998
"47189",570.83002
"48001",1062.6
"48003",1500.71
"48005",797.78003
"48007",252.07001
"48009",903.10999
"48011",909.10999
"48013",1219.54
"48015",646.51001
"48017",826.79999
"48019",790.96002
"48021",888.15002
"48023",867.47998
"48025",880.23999
"48027",1051.02
"48029",1239.8199
"48031",709.25
"48033",897.44
"48035",982.97998
"48037",885.01001
"48039",1357.7
"48041",585.45001
"48043",6183.73
"48045",900
"48047",943.35999
"48049",944.42999
"48051",659.03003
"48053",994.26001
"48055",545.26001
"48057",506.84
"48059",899.37
"48061",890.91998
"48063",195.83
"48065",920.21997
"48067",936.96002
"48069",894.42999
"48071",597.14001
"48073",1052.91
"48075",696.40002
"48077",1088.72
"48079",775.15002
"48081",911.46997
"48083",1261.95
"48085",841.21997
"48087",918.44
"48089",960.27002
"48091",559.47998
"48093",937.75
"48095",983.79999
"48097",874.76001
"48099",1052.0699
"48101",900.56
"48103",785.07001
"48105",2807.3301
"48107",900.20001
"48109",3812.8
"48111",1503.26
"48113",871.28003
"48115",900.31
"48117",1496.87
"48119",256.82999
"48121",878.42999
"48123",908.97998
"48125",901.71997
"48127",1328.88
"48129",926.89001
"48131",1793.48
"48133",926.48999
"48135",897.69
"48137",2117.8601
"48139",935.48999
"48141",1012.69
"48143",1083.0699
"48145",765.47998
"48147",890.84003
"48149",950.01001
"48151",898.94
"48153",992.14001
"48155",704.40002
"48157",861.47998
"48159",284.39001
"48161",877.73999
"48163",1133.5
"48165",1502.38
"48167",378.35999
"48169",893.40997
"48171",1058.21
"48173",900.21997
"48175",852.01001
"48177",1066.6899
"48179",925.96997
"48181",932.79999
"48183",273.29999
"48185",787.46002
"48187",711.29999
"48189",1004.68
"48191",883.48999
"48193",835.90997
"48195",919.81
"48197",695.10999
"48199",890.57001
"48201",1703.48
"48203",899.95001
"48205",1462.03
"48207",903.13
"48209",677.97998
"48211",906.28998
"48213",873.75
"48215",1570.87
"48217",958.85999
"48219",908.39001
"48221",420.64001
"48223",767.16998
"48225",1230.91
"48227",900.78998
"48229",4570.98
"48231",840.32001
"48233",887.41998
"48235",1051.5601
"48237",910.65997
"48239",829.42999
"48241",938.84998
"48243",2264.5601
"48245",876.29999
"48247",1136.14
"48249",864.96997
"48251",724.69
"48253",928.54999
"48255",747.56
"48257",780.70001
"48259",662.45001
"48261",1458.33
"48263",902.51001
"48265",1103.3199
"48267",1250.99
"48269",910.87
"48271",1360.05
"48273",881.31
"48275",850.62
"48277",907.19
"48279",1016.18
"48281",712.84003
"48283",1486.6899
"48285",969.71002
"48287",629.02002
"48289",1073.15
"48291",1158.42
"48293",905.28998
"48295",932.17999
"48297",1039.7
"48299",934.03003
"48301",668.92999
"48303",895.59998
"48305",891.87
"48307",1065.6
"48309",1037.1
"48311",1139.4301
"48313",466.07001
"48315",380.88
"48317",914.94
"48319",928.79999
"48321",1100.28
"48323",1279.26
"48325",1325.36
"48327",902.03003
"48329",900.29999
"48331",1016.93
"48333",748.26001
"48335",911.09003
"48337",930.90997
"48339",1041.73
"48341",899.69
"48343",251.98
"48345",989.56
"48347",946.53998
"48349",1009.63
"48351",933.67999
"48353",912
"48355",838.47998
"48357",917.63
"48359",1500.53
"48361",333.67001
"48363",951.78998
"48365",801.75
"48367",903.47998
"48369",880.78003
"48371",4763.8501
"48373",1057.09
"48375",908.37
"48377",3855.24
"48379",229.45
"48381",911.53998
"48383",1175.3
"48385",699.19
"48387",1036.58
"48389",2635.3701
"48391",770.44
"48393",924.06
"48395",855.67999
"48397",127.04
"48399",1050.9399
"48401",924.03003
"48403",491.39001
"48405",530.65997
"48407",569.23999
"48409",693.45001
"48411",1135.3
"48413",1310.63
"48415",905.44
"48417",914.28998
"48419",795.58002
"48421",923.03998
"48423",921.45001
"48425",186.46001
"48427",1223.1801
"48429",896.71997
"48431",923.45001
"48433",916.31
"48435",1453.9301
"48437",890.15997
"48439",863.60999
"48441",915.54999
"48443",2358.03
"48445",888.84003
"48447",912.54999
"48449",406.04999
"48451",1521.97
"48453",990.20001
"48455",693.60999
"48457",924.5
"48459",582.95001
"48461",1241.3199
"48463",1551.95
"48465",3144.75
"48467",842.56
"48469",882.14001
"48471",784.16998
"48473",513.42999
"48475",835.59998
"48477",603.95001
"48479",3361.48
"48481",1086.15
"48483",914.52002
"48485",627.78003
"48487",970.84003
"48489",590.54999
"48491",1118.3
"48493",803.72998
"48495",841.10999
"48497",904.41998
"48499",645.22998
"48501",799.71002
"48503",914.46997
"48505",998.40997
"48507",1297.41
"49001",2589.8799
"49003",5745.5498
"49005",1164.8101
"49007",1478.49
"49009",696.97998
"49011",298.78
"49013",3240.9399
"49015",4462.3101
"49017",5175.1201
"49019",3671.54
"49021",3296.6799
"49023",3392.28
"49025",3990.23
"49027",6572.4199
"49029",609.20001
"49031",757.78998
"49033",1028.77
"49035",742.28003
"49037",7819.9902
"49039",1590.15
"49041",1910.58
"49043",1871.71
"49045",6941.3501
"49047",4479.6899
"49049",2003.45
"49051",1175.5
"49053",2426.3601
"49055",2460.6799
"49057",576.08002
"50001",766.33002
"50003",674.97998
"50005",648.85999
"50007",536.58002
"50009",663.59998
"50011",633.71002
"50013",81.809998
"50015",458.79999
"50017",687.03003
"50019",693.27002
"50021",929.82001
"50023",687.22998
"50025",785.31
"50027",969.34003
"51001",449.5
"51003",720.70001
"51005",445.45999
"51007",355.26999
"51009",473.92999
"51011",333.48999
"51013",25.969999
"51015",967
"51017",529.15997
"51019",753.02002
"51021",357.72
"51023",541.20001
"51025",566.16998
"51027",502.76001
"51029",579.65997
"51031",503.87
"51033",527.51001
"51035",474.69
"51036",182.82001
"51037",475.26999
"51041",423.29999
"51043",176.17999
"51045",329.53
"51047",379.23001
"51049",297.45999
"51051",330.53
"51053",503.72
"51057",257.12
"51059",390.97
"51061",647.45001
"51063",380.42001
"51065",286.01001
"51067",690.42999
"51069",413.5
"51071",355.78
"51073",217.81
"51075",281.42001
"51077",442.17001
"51079",156.25
"51081",295.23001
"51083",817.84003
"51085",468.54001
"51087",233.7
"51089",382.32999
"51091",415.16
"51093",315.60999
"51095",142.44
"51097",315.14001
"51099",179.64
"51101",273.94
"51103",133.25
"51105",435.51999
"51107",515.56
"51109",496.29999
"51111",431.67999
"51113",320.67999
"51115",85.93
"51117",625.48999
"51119",130.31
"51121",387.01001
"51125",470.85999
"51127",209.73
"51131",211.61
"51133",191.3
"51135",314.39001
"51137",340.78
"51139",310.85999
"51141",483.10001
"51143",968.94
"51145",260.22
"51147",349.95999
"51149",265.16
"51153",336.39999
"51155",319.85999
"51157",266.23001
"51159",191.49001
"51161",250.52
"51163",597.56
"51165",849.09003
"51167",473.82001
"51169",535.53003
"51171",508.78
"51173",450.92999
"51175",599.14001
"51177",401.5
"51179",268.95999
"51181",278.95001
"51183",490.22
"51185",518.84998
"51187",213.47
"51191",560.96997
"51193",229.37
"51195",403.19
"51197",461.82001
"51199",104.78
"51510",15.03
"51515",6.8800001
"51520",13.01
"51530",6.6999998
"51540",10.24
"51550",340.79999
"51570",7.52
"51580",5.4699998
"51590",42.93
"51595",6.8899999
"51600",6.2399998
"51610",2
"51620",8.21
"51630",10.44
"51640",8.2399998
"51650",51.41
"51660",17.42
"51670",10.28
"51678",2.5
"51680",49.130001
"51683",9.8800001
"51685",2.53
"51690",10.96
"51700",68.709999
"51710",54.119999
"51720",7.48
"51730",22.93
"51735",15.32
"51740",33.650002
"51750",9.8699999
"51760",59.810001
"51770",42.560001
"51775",14.44
"51790",19.98
"51800",400.17001
"51810",249.02
"51820",15.04
"51830",9.0200005
"51840",9.2299995
"53001",1924.98
"53003",636.21002
"53005",1700.38
"53007",2920.52
"53009",1738.33
"53011",629
"53013",868.63
"53015",1140.13
"53017",1819.26
"53019",2203.1599
"53021",1242.17
"53023",710.69
"53025",2679.51
"53027",1902.03
"53029",208.45
"53031",1803.7
"53033",2115.5701
"53035",394.94
"53037",2297.27
"53039",1871.3101
"53041",2402.8
"53043",2310.49
"53045",959.41998
"53047",5267.98
"53049",932.65997
"53051",1399.99
"53053",1669.51
"53055",173.91
"53057",1731.2
"53059",1655.6801
"53061",2087.27
"53063",1763.79
"53065",2477.76
"53067",721.96002
"53069",263.38
"53071",1270.13
"53073",2106.8601
"53075",2159.0901
"53077",4295.3999
"54001",341.06
"54003",321.14001
"54005",501.54001
"54007",510.81
"54009",89.199997
"54011",281.01999
"54013",279.25
"54015",341.89999
"54017",319.72
"54019",661.54999
"54021",338.5
"54023",477.37
"54025",1019.57
"54027",640.25
"54029",82.610001
"54031",582.31
"54033",416.01001
"54035",464.35001
"54037",209.63
"54039",901.59003
"54041",384.89999
"54043",437.04001
"54045",453.73999
"54047",533.46002
"54049",308.73999
"54051",305.42999
"54053",430.75
"54055",418.98999
"54057",327.82999
"54059",423.10999
"54061",360.06
"54063",472.75
"54065",229.07001
"54067",646.82001
"54069",105.82
"54071",696.04999
"54073",130.10001
"54075",940.28003
"54077",648.79999
"54079",345.67001
"54081",605.34998
"54083",1039.6801
"54085",451.98999
"54087",483.56
"54089",360.45999
"54091",172.77
"54093",418.92001
"54095",256.29001
"54097",354.64001
"54099",505.98001
"54101",553.46997
"54103",358.06
"54105",232.50999
"54107",366.26001
"54109",499.45001
"55001",645.65002
"55003",1045.04
"55005",862.71002
"55007",1477.86
"55009",529.71002
"55011",671.64001
"55013",821.84998
"55015",318.23999
"55017",1008.37
"55019",1209.8199
"55021",765.53003
"55023",570.65997
"55025",1197.24
"55027",875.62
"55029",481.98001
"55031",1304.14
"55033",850.10999
"55035",637.97998
"55037",488.20001
"55039",719.54999
"55041",1014.07
"55043",1146.85
"55045",583.96002
"55047",349.44
"55049",762.58002
"55051",758.16998
"55053",987.71997
"55055",556.46997
"55057",766.92999
"55059",271.98999
"55061",342.51999
"55063",451.69
"55065",633.59003
"55067",870.64001
"55069",878.96997
"55071",589.08002
"55073",1544.98
"55075",1399.35
"55077",455.60001
"55078",357.60999
"55079",241.39999
"55081",900.78003
"55083",997.98999
"55085",1112.97
"55087",637.52002
"55089",233.08
"55091",231.98
"55093",573.75
"55095",913.96002
"55097",800.67999
"55099",1254.38
"55101",332.5
"55103",586.15002
"55105",718.14001
"55107",913.59003
"55109",722.33002
"55111",830.90002
"55113",1257.3
"55115",893.06
"55117",511.26999
"55119",974.88
"55121",732.96002
"55123",791.58002
"55125",856.59998
"55127",555.13
"55129",797.10999
"55131",430.70001
"55133",549.57001
"55135",747.71002
"55137",626.15002
"55139",434.48999
"55141",793.12
"56001",4273.8398
"56003",3137.1001
"56005",4802.71
"56007",7897.5801
"56009",4254.8799
"56011",2854.4099
"56013",9183.8096
"56015",2225.3899
"56017",2004.09
"56019",4154.1499
"56021",2685.9099
"56023",4076.1299
"56025",5340.3501
"56027",2626.04
"56029",6942.0801
"56031",2084.21
"56033",2523.99
"56035",4886.54
"56037",10426.65
"56039",3995.3799
"56041",2081.26
"56043",2238.55
"56045",2398.0901
